Orte,Basel,Bern,Lugano,Meiringen,Zernez,Nyon,Rothrist_NW,Rothrist_SO,X,Y
Basel,0,94885.50671853172,261718.97015737658,143657.40816957285,261802.5105011608,226182.5683951115,48046.20987864904,46658.30755955052,2611412,1266494
Bern,94841.70505519907,0,276634.90142293123,84459.6807513995,301234.5135604181,133232.2081566401,62962.14114420368,61574.23882510517,2600418,1199531
Lugano,261437.32603724164,276603.1570660061,0,199550.1492079466,191205.0310592535,407900.21874258586,215362.31420928566,215953.2646875416,2717555,1096262
Meiringen,143217.8215746299,84697.97137591275,157909.66734378185,0,249455.5943148242,220172.38808864763,97142.80974667391,97733.76022492988,2657113,1175381
Zernez,261526.6378264482,301179.697018722,191062.82157035285,249992.37968077368,0,432476.7586953018,239938.85416200157,240529.80464025753,2803017,1175491
Nyon,225293.89927277708,132420.056443025,407087.0956405092,219619.82415198756,431686.70777799614,0,193414.33536178168,192026.43304268317,2505662,1139251
Rothrist_NW,46075.011827955976,61240.84285672043,215651.613076082,97590.0510882783,240251.22521356892,192537.9045333002,0,590.9504782559678,2634163,1240342
Rothrist_SO,47462.91414705449,62628.74517581895,215060.66259782604,96999.10061002233,239660.27473531294,193925.80685239873,1387.9023190985133,0,2634209,1240318
